num_qubits,method,num_samples,n_success,avg_2q_gates,avg_2q_depth
4,qiskit,100,100,9.87,8.93
4,qiskit_hf,100,100,9.68,7.92
4,duru,100,100,8.08,6.6
5,qiskit,100,100,16.72,14.79
5,qiskit_hf,100,100,17.19,12.47
5,duru,100,100,12.67,9.61
6,qiskit,100,100,23.97,19.99
6,qiskit_hf,100,100,24.32,16.61
6,duru,100,100,17.42,12.61
7,qiskit,100,100,35.26,28.01
7,qiskit_hf,100,100,36.06,23.18
7,duru,100,100,26.11,18.05
8,qiskit,100,100,54.27,40.97
8,qiskit_hf,100,100,54.38,33.96
8,duru,100,100,42.04,26.32
