num_qubits,method,num_samples,n_success,avg_2q_gates,std_2q_gates,avg_2q_depth,std_2q_depth
4,qiskit,100,100,10.41,3.86,9.57,3.787
4,qiskit_hf,100,100,9.98,3.824,9.03,3.542
4,duru,100,100,9.84,3.77,8.88,3.491
5,qiskit,100,100,18.89,4.872,16.39,4.699
5,qiskit_hf,100,100,17.92,4.249,15.01,3.635
5,duru,100,100,16.84,4.785,14.03,4.263
6,qiskit,100,100,30.26,6.264,24.49,5.551
6,qiskit_hf,100,100,29.49,6.424,21.38,4.525
6,duru,100,100,29.45,6.184,21.5,4.784
7,qiskit,100,100,47.09,9.903,35.42,8.197
7,qiskit_hf,100,100,44.22,8.606,29.71,6.121
7,duru,100,100,43.77,8.183,29.61,5.584
8,qiskit,100,100,77.56,14.705,55.33,12.448
8,qiskit_hf,100,100,70.12,11.915,43.9,8.214
8,duru,100,100,60.38,17.858,37.4,11.012
